lemma,status,emoji,literal,clarity,source,notes
the,function,,,,denylist,
be,function,,,,denylist,
and,function,,,,denylist,
of,function,,,,denylist,
to,function,,,,denylist,
a,function,,,,denylist,
in,function,,,,denylist,
have,function,,,,denylist,
it,function,,,,denylist,
you,function,,,,denylist,
he,function,,,,denylist,
for,function,,,,denylist,
they,function,,,,denylist,
not,function,,,,denylist,
that,function,,,,denylist,
we,function,,,,denylist,
on,function,,,,denylist,
with,function,,,,denylist,
this,function,,,,denylist,
i,function,,,,denylist,
do,function,,,,denylist,
as,function,,,,denylist,
at,function,,,,denylist,
she,function,,,,denylist,
but,function,,,,denylist,
from,function,,,,denylist,
by,function,,,,denylist,
will,function,,,,denylist,
or,function,,,,denylist,
say,gap,,,,,
go,gap,,,,,
so,function,,,,denylist,
all,function,,,,denylist,
if,function,,,,denylist,
one,gap,,,,,
would,function,,,,denylist,
about,function,,,,denylist,
can,function,,,,denylist,
which,function,,,,denylist,
there,function,,,,denylist,
know,gap,,,,,
more,function,,,,denylist,
get,gap,,,,,
who,function,,,,denylist,
like,gap,,,,,
when,function,,,,denylist,
think,literal,🤔,think,udu,exact,
make,gap,,,,,
time,literal,🕐,time,udemude,exact,
see,gap,,,,,
what,function,,,,denylist,
up,function,,,,denylist,
some,function,,,,denylist,
other,gap,,,,,
out,function,,,,denylist,
good,gap,,,,,
people,gap,,,,,
year,gap,,,,,
take,gap,,,,,
no,function,,,,denylist,
well,function,,,,denylist,
because,function,,,,denylist,
very,function,,,,denylist,
just,function,,,,denylist,
come,gap,,,,,
could,function,,,,denylist,
work,gap,,,,,
use,gap,,,,,
than,function,,,,denylist,
now,function,,,,denylist,
then,function,,,,denylist,
also,function,,,,denylist,
into,function,,,,denylist,
only,function,,,,denylist,
look,gap,,,,,
want,gap,,,,,
give,gap,,,,,
first,gap,,,,,
new,gap,,,,,
way,gap,,,,,
find,gap,,,,,
over,function,,,,denylist,
any,function,,,,denylist,
after,function,,,,denylist,
day,gap,,,,,
where,function,,,,denylist,
thing,gap,,,,,
most,function,,,,denylist,
should,function,,,,denylist,
need,gap,,,,,
much,function,,,,denylist,
right,literal,➡️,right,urugu,exact,
how,function,,,,denylist,
back,literal,↩️,back,abagaga,exact,
mean,gap,,,,,
even,function,,,,denylist,
may,function,,,,denylist,
here,function,,,,denylist,
many,function,,,,denylist,
such,function,,,,denylist,
last,gap,,,,,
child,literal,🧒,child,uguhu,exact,
tell,gap,,,,,
really,gap,,,,,
call,gap,,,,,
before,function,,,,denylist,
company,gap,,,,,
through,function,,,,denylist,
down,function,,,,denylist,
show,gap,,,,,
life,gap,,,,,
man,literal,👨,man,amana,exact,
change,gap,,,,,
place,gap,,,,,
long,gap,,,,,
between,function,,,,denylist,
feel,gap,,,,,
too,function,,,,denylist,
still,function,,,,denylist,
problem,gap,,,,,
write,gap,,,,,
same,function,,,,denylist,
lot,gap,,,,,
great,gap,,,,,
try,gap,,,,,
leave,gap,,,,,
number,gap,,,,,
both,function,,,,denylist,
own,function,,,,denylist,
part,gap,,,,,
point,literal,☝️,point,obuno,exact,
little,gap,,,,,
help,gap,,,,,
ask,gap,,,,,
meet,gap,,,,,
start,gap,,,,,
talk,gap,,,,,
something,function,,,,denylist,
put,gap,,,,,
another,function,,,,denylist,
become,gap,,,,,
interest,gap,,,,,
country,gap,,,,,
old,gap,,,,,
each,function,,,,denylist,
school,literal,🏫,school,ozogo,exact,
late,gap,,,,,
high,gap,,,,,
different,gap,,,,,
off,function,,,,denylist,
next,gap,,,,,
end,gap,,,,,
live,gap,,,,,
why,function,,,,denylist,
while,function,,,,denylist,
world,gap,,,,,
week,gap,,,,,
play,literal,▶️,play,abola,exact,
might,function,,,,denylist,
must,function,,,,denylist,
home,gap,,,,,
never,function,,,,denylist,
include,gap,,,,,
course,gap,,,,,
house,literal,🏠,house,ohuze,exact,
report,gap,,,,,
group,gap,,,,,
case,gap,,,,,
woman,literal,👩,woman,owamo,exact,
around,function,,,,denylist,
book,literal,📖,book,obogo,exact,
family,literal,👪,family,avumo,exact,
seem,gap,,,,,
let,gap,,,,,
again,gap,,,,,
kind,gap,,,,,
keep,gap,,,,,
hear,gap,,,,,
system,gap,,,,,
every,function,,,,denylist,
question,gap,,,,,
during,function,,,,denylist,
always,function,,,,denylist,
big,gap,,,,,
set,gap,,,,,
small,gap,,,,,
study,gap,,,,,
follow,gap,,,,,
begin,gap,,,,,
important,gap,,,,,
since,gap,,,,,
run,gap,,,,,
under,function,,,,denylist,
turn,gap,,,,,
few,function,,,,denylist,
bring,gap,,,,,
early,gap,,,,,
hand,literal,✋,hand,aha,exact,
state,gap,,,,,
move,gap,,,,,
money,gap,,,,,
fact,gap,,,,,
however,function,,,,denylist,
area,gap,,,,,
provide,gap,,,,,
name,gap,,,,,
read,gap,,,,,
friend,gap,,,,,
month,gap,,,,,
large,gap,,,,,
business,gap,,,,,
without,function,,,,denylist,
information,literal,ℹ️,information,unova,exact,
open,gap,,,,,
order,gap,,,,,
government,gap,,,,,
word,gap,,,,,
issue,gap,,,,,
market,gap,,,,,
pay,gap,,,,,
build,gap,,,,,
hold,gap,,,,,
service,gap,,,,,
against,function,,,,denylist,
believe,gap,,,,,
second,gap,,,,,
though,function,,,,denylist,
yes,function,,,,denylist,
love,literal,🥰,love,ole,exact,
increase,gap,,,,,
job,gap,,,,,
plan,gap,,,,,
result,gap,,,,,
away,gap,,,,,
example,gap,,,,,
happen,gap,,,,,
offer,gap,,,,,
young,gap,,,,,
close,gap,,,,,
program,gap,,,,,
lead,gap,,,,,
buy,gap,,,,,
understand,gap,,,,,
thank,gap,,,,,
far,gap,,,,,
today,gap,,,,,
hour,gap,,,,,
student,literal,🧑‍🎓,student,uzedu,exact,
face,gap,,,,,
hope,gap,,,,,
idea,gap,,,,,
cost,gap,,,,,
less,gap,,,,,
room,gap,,,,,
until,function,,,,denylist,
reason,gap,,,,,
form,gap,,,,,
spend,literal,💸,spend,ezebene,exact,
head,gap,,,,,
car,literal,🚗,car,agaraga,exact,
learn,gap,,,,,
level,gap,,,,,
person,literal,🧑,person,ebo,exact,
experience,gap,,,,,
once,function,,,,denylist,
member,gap,,,,,
enough,function,,,,denylist,
bad,gap,,,,,
city,gap,,,,,
night,literal,🌃,night,unugu,exact,
able,gap,,,,,
support,gap,,,,,
whether,function,,,,denylist,
line,gap,,,,,
present,gap,,,,,
side,gap,,,,,
quite,function,,,,denylist,
although,function,,,,denylist,
sure,gap,,,,,
term,gap,,,,,
least,gap,,,,,
age,gap,,,,,
low,gap,,,,,
speak,gap,,,,,
within,function,,,,denylist,
process,gap,,,,,
public,gap,,,,,
often,function,,,,denylist,
train,literal,🚆,train,adura,exact,
possible,gap,,,,,
actually,gap,,,,,
rather,function,,,,denylist,
view,gap,,,,,
together,gap,,,,,
consider,gap,,,,,
price,gap,,,,,
parent,gap,,,,,
hard,gap,,,,,
party,literal,🥳,party,abo,exact,
local,gap,,,,,
control,gap,,,,,
already,function,,,,denylist,
concern,gap,,,,,
product,gap,,,,,
lose,gap,,,,,
story,gap,,,,,
almost,function,,,,denylist,
continue,gap,,,,,
stand,gap,,,,,
whole,gap,,,,,
yet,function,,,,denylist,
rate,gap,,,,,
care,literal,🫶,care,agera,exact,
expect,gap,,,,,
effect,gap,,,,,
sort,gap,,,,,
ever,gap,,,,,
anything,function,,,,denylist,
cause,gap,,,,,
fall,gap,,,,,
deal,gap,,,,,
water,gap,,,,,
send,gap,,,,,
allow,gap,,,,,
soon,gap,,,,,
watch,literal,⌚,watch,awa,exact,
base,gap,,,,,
probably,gap,,,,,
suggest,gap,,,,,
past,gap,,,,,
power,gap,,,,,
test,gap,,,,,
visit,gap,,,,,
center,gap,,,,,
grow,gap,,,,,
nothing,function,,,,denylist,
return,gap,,,,,
mother,gap,,,,,
walk,gap,,,,,
matter,gap,,,,,
mind,gap,,,,,
value,gap,,,,,
office,literal,🏢,office,ovuvego,exact,
record,literal,⏺️,record,eroge,exact,
stay,gap,,,,,
force,gap,,,,,
stop,literal,🛑,stop,ozodo,exact,
several,function,,,,denylist,
light,gap,,,,,
develop,gap,,,,,
remember,gap,,,,,
bit,gap,,,,,
share,gap,,,,,
real,gap,,,,,
answer,gap,,,,,
sit,gap,,,,,
figure,gap,,,,,
letter,gap,,,,,
decide,gap,,,,,
language,gap,,,,,
subject,gap,,,,,
class,gap,,,,,
development,gap,,,,,
town,gap,,,,,
half,gap,,,,,
minute,gap,,,,,
food,gap,,,,,
break,gap,,,,,
clear,gap,,,,,
future,gap,,,,,
either,function,,,,denylist,
ago,gap,,,,,
per,function,,,,denylist,
remain,gap,,,,,
top,gap,,,,,
among,function,,,,denylist,
win,gap,,,,,
color,gap,,,,,
involve,gap,,,,,
reach,gap,,,,,
social,gap,,,,,
period,gap,,,,,
across,function,,,,denylist,
note,gap,,,,,
history,gap,,,,,
create,gap,,,,,
drive,gap,,,,,
along,function,,,,denylist,
type,gap,,,,,
sound,gap,,,,,
eye,literal,👁️,eye,ejo,exact,
music,gap,,,,,
game,gap,,,,,
political,gap,,,,,
free,gap,,,,,
receive,gap,,,,,
moment,gap,,,,,
sale,gap,,,,,
policy,gap,,,,,
further,gap,,,,,
body,gap,,,,,
require,gap,,,,,
wait,gap,,,,,
general,gap,,,,,
appear,gap,,,,,
toward,function,,,,denylist,
team,gap,,,,,
easy,gap,,,,,
individual,gap,,,,,
full,gap,,,,,
black,literal,⚫,black,abalaga,exact,
sense,gap,,,,,
perhaps,function,,,,denylist,
add,gap,,,,,
rule,gap,,,,,
pass,gap,,,,,
produce,gap,,,,,
sell,gap,,,,,
short,gap,,,,,
agree,gap,,,,,
law,gap,,,,,
everything,function,,,,denylist,
research,gap,,,,,
cover,gap,,,,,
paper,gap,,,,,
position,gap,,,,,
near,gap,,,,,
human,gap,,,,,
computer,gap,,,,,
situation,gap,,,,,
staff,gap,,,,,
activity,gap,,,,,
film,literal,🎞️,film,uvulu,exact,
morning,gap,,,,,
war,gap,,,,,
account,gap,,,,,
shop,gap,,,,,
major,gap,,,,,
someone,function,,,,denylist,
above,function,,,,denylist,
design,gap,,,,,
event,gap,,,,,
special,gap,,,,,
sometimes,function,,,,denylist,
condition,gap,,,,,
carry,gap,,,,,
choose,gap,,,,,
father,gap,,,,,
decision,gap,,,,,
table,gap,,,,,
certain,gap,,,,,
forward,literal,↪️,forward,ovaro,exact,
main,gap,,,,,
die,gap,,,,,
bear,literal,🐻,bear,ebareba,exact,
cut,gap,,,,,
describe,gap,,,,,
himself,function,,,,denylist,
available,gap,,,,,
especially,gap,,,,,
strong,gap,,,,,
rise,gap,,,,,
girl,literal,👧,girl,ugurulu,exact,
maybe,function,,,,denylist,
community,gap,,,,,
else,function,,,,denylist,
particular,gap,,,,,
role,gap,,,,,
join,gap,,,,,
difficult,gap,,,,,
please,function,,,,denylist,
detail,gap,,,,,
difference,gap,,,,,
action,gap,,,,,
health,gap,,,,,
eat,gap,,,,,
step,gap,,,,,
true,gap,,,,,
phone,literal,📱,phone,obeho,exact,
themselves,function,,,,denylist,
draw,gap,,,,,
white,literal,⚪,white,uwehu,exact,
date,gap,,,,,
practice,gap,,,,,
model,gap,,,,,
raise,gap,,,,,
customer,gap,,,,,
front,gap,,,,,
explain,gap,,,,,
door,literal,🚪,door,odorodo,exact,
outside,function,,,,denylist,
behind,function,,,,denylist,
economic,gap,,,,,
site,gap,,,,,
approach,gap,,,,,
teacher,literal,🧑‍🏫,teacher,edage,exact,
land,gap,,,,,
charge,gap,,,,,
finally,gap,,,,,
sign,gap,,,,,
claim,gap,,,,,
relationship,gap,,,,,
travel,gap,,,,,
enjoy,gap,,,,,
death,gap,,,,,
nice,gap,,,,,
amount,gap,,,,,
improve,gap,,,,,
picture,gap,,,,,
boy,literal,👦,boy,obobo,exact,
regard,gap,,,,,
organization,gap,,,,,
happy,gap,,,,,
couple,literal,💑,couple,ogube,exact,
act,gap,,,,,
range,gap,,,,,
quality,gap,,,,,
project,gap,,,,,
round,gap,,,,,
opportunity,gap,,,,,
road,gap,,,,,
accord,gap,,,,,
list,gap,,,,,
wish,gap,,,,,
therefore,function,,,,denylist,
wear,gap,,,,,
fund,gap,,,,,
rest,gap,,,,,
kid,gap,,,,,
industry,gap,,,,,
education,gap,,,,,
measure,gap,,,,,
kill,gap,,,,,
serve,gap,,,,,
likely,gap,,,,,
certainly,gap,,,,,
national,gap,,,,,
itself,function,,,,denylist,
teach,gap,,,,,
field,gap,,,,,
security,gap,,,,,
air,gap,,,,,
benefit,gap,,,,,
trade,gap,,,,,
risk,gap,,,,,
news,gap,,,,,
standard,gap,,,,,
vote,gap,,,,,
percent,gap,,,,,
focus,gap,,,,,
stage,gap,,,,,
space,gap,,,,,
instead,gap,,,,,
realize,gap,,,,,
usually,gap,,,,,
data,gap,,,,,
single,gap,,,,,
address,gap,,,,,
performance,gap,,,,,
chance,gap,,,,,
accept,gap,,,,,
society,gap,,,,,
technology,gap,,,,,
mention,gap,,,,,
choice,gap,,,,,
save,gap,,,,,
common,gap,,,,,
culture,gap,,,,,
total,gap,,,,,
demand,gap,,,,,
material,gap,,,,,
limit,gap,,,,,
listen,gap,,,,,
due,gap,,,,,
wrong,gap,,,,,
foot,literal,🦶,foot,ovodo,exact,
effort,gap,,,,,
attention,gap,,,,,
upon,function,,,,denylist,
check,literal,✅,check,egehege,exact,
complete,gap,,,,,
lie,literal,🤥,lie,ule,exact,
pick,literal,⛏️,pick,ubugugu,exact,
reduce,gap,,,,,
personal,gap,,,,,
ground,gap,,,,,
animal,gap,,,,,
arrive,gap,,,,,
patient,gap,,,,,
current,gap,,,,,
century,gap,,,,,
evidence,gap,,,,,
exist,gap,,,,,
similar,gap,,,,,
fight,literal,🫯,fight,uvu,exact,
leader,gap,,,,,
fine,gap,,,,,
street,gap,,,,,
former,gap,,,,,
contact,gap,,,,,
particularly,gap,,,,,
wife,gap,,,,,
sport,gap,,,,,
prepare,gap,,,,,
discuss,gap,,,,,
response,gap,,,,,
voice,gap,,,,,
piece,gap,,,,,
finish,gap,,,,,
suppose,gap,,,,,
apply,gap,,,,,
president,gap,,,,,
fire,literal,🔥,fire,uveruve,exact,
compare,gap,,,,,
court,gap,,,,,
police,literal,👮,police,obule,exact,
store,gap,,,,,
poor,gap,,,,,
knowledge,gap,,,,,
laugh,literal,😂,laugh,alu,exact,
arm,gap,,,,,
heart,literal,❤️,heart,ehareda,exact,
source,gap,,,,,
employee,gap,,,,,
manage,gap,,,,,
simply,gap,,,,,
bank,literal,🏦,bank,abanaga,exact,
firm,gap,,,,,
cell,gap,,,,,
article,gap,,,,,
fast,gap,,,,,
attack,gap,,,,,
foreign,gap,,,,,
surprise,literal,😮,surprise,uzure,exact,
feature,gap,,,,,
factor,gap,,,,,
pretty,gap,,,,,
recently,gap,,,,,
affect,gap,,,,,
drop,gap,,,,,
recent,gap,,,,,
relate,gap,,,,,
official,gap,,,,,
financial,gap,,,,,
miss,gap,,,,,
art,gap,,,,,
campaign,gap,,,,,
private,gap,,,,,
pause,literal,⏸️,pause,abuze,exact,
everyone,function,,,,denylist,
forget,gap,,,,,
page,literal,📄,page,abegabe,exact,
worry,gap,,,,,
summer,gap,,,,,
drink,gap,,,,,
opinion,gap,,,,,
park,gap,,,,,
represent,gap,,,,,
key,literal,🔑,key,egoge,exact,
inside,function,,,,denylist,
manager,gap,,,,,
international,gap,,,,,
contain,gap,,,,,
notice,gap,,,,,
wonder,gap,,,,,
nature,gap,,,,,
structure,gap,,,,,
section,gap,,,,,
myself,function,,,,denylist,
exactly,gap,,,,,
plant,gap,,,,,
paint,gap,,,,,
worker,gap,,,,,
press,gap,,,,,
whatever,function,,,,denylist,
necessary,gap,,,,,
region,gap,,,,,
growth,gap,,,,,
evening,gap,,,,,
influence,gap,,,,,
respect,gap,,,,,
various,gap,,,,,
catch,gap,,,,,
thus,gap,,,,,
skill,gap,,,,,
attempt,gap,,,,,
son,gap,,,,,
simple,gap,,,,,
medium,gap,,,,,
average,gap,,,,,
stock,gap,,,,,
management,gap,,,,,
character,gap,,,,,
bed,literal,🛏️,bed,ebedebe,exact,
hit,gap,,,,,
establish,gap,,,,,
indeed,function,,,,denylist,
final,gap,,,,,
economy,gap,,,,,
fit,gap,,,,,
guy,gap,,,,,
function,gap,,,,,
yesterday,gap,,,,,
image,gap,,,,,
size,gap,,,,,
behavior,gap,,,,,
addition,gap,,,,,
determine,gap,,,,,
station,literal,🚉,station,azudo,exact,
population,gap,,,,,
fail,gap,,,,,
environment,gap,,,,,
production,gap,,,,,
contract,gap,,,,,
player,gap,,,,,
comment,gap,,,,,
enter,gap,,,,,
occur,gap,,,,,
alone,gap,,,,,
significant,gap,,,,,
drug,gap,,,,,
wall,gap,,,,,
series,gap,,,,,
direct,gap,,,,,
success,gap,,,,,
tomorrow,gap,,,,,
director,gap,,,,,
clearly,gap,,,,,
lack,gap,,,,,
review,gap,,,,,
depend,gap,,,,,
race,gap,,,,,
recognize,gap,,,,,
window,literal,🪟,window,uwonu,exact,
purpose,gap,,,,,
department,gap,,,,,
gain,gap,,,,,
tree,literal,🌳,tree,ederede,exact,
college,gap,,,,,
argue,gap,,,,,
board,gap,,,,,
holiday,gap,,,,,
mark,gap,,,,,
church,literal,⛪,church,uguhuru,exact,
machine,gap,,,,,
achieve,gap,,,,,
item,gap,,,,,
prove,gap,,,,,
cent,gap,,,,,
season,gap,,,,,
floor,gap,,,,,
stuff,gap,,,,,
wide,gap,,,,,
anyone,function,,,,denylist,
method,gap,,,,,
analysis,gap,,,,,
election,gap,,,,,
military,gap,,,,,
hotel,literal,🏨,hotel,ohedo,exact,
club,gap,,,,,
below,function,,,,denylist,
movie,gap,,,,,
doctor,literal,🧑‍⚕️,doctor,odogo,exact,
discussion,gap,,,,,
sorry,gap,,,,,
challenge,gap,,,,,
nation,gap,,,,,
nearly,gap,,,,,
statement,gap,,,,,
link,literal,🔗,link,ulunugu,exact,
despite,function,,,,denylist,
introduce,gap,,,,,
advantage,gap,,,,,
ready,gap,,,,,
marry,gap,,,,,
strike,gap,,,,,
mile,gap,,,,,
seek,gap,,,,,
ability,gap,,,,,
unit,gap,,,,,
card,gap,,,,,
hospital,literal,🏥,hospital,ohuza,exact,
quickly,gap,,,,,
interview,gap,,,,,
agreement,gap,,,,,
release,gap,,,,,
tax,gap,,,,,
solution,gap,,,,,
capital,gap,,,,,
popular,gap,,,,,
specific,gap,,,,,
beautiful,gap,,,,,
fear,literal,😨,fear,eva,exact,
aim,gap,,,,,
television,literal,📺,television,edelu,exact,
serious,gap,,,,,
target,gap,,,,,
degree,gap,,,,,
pull,gap,,,,,
red,literal,🔴,red,erede,exact,
husband,gap,,,,,
access,gap,,,,,
movement,gap,,,,,
treat,gap,,,,,
identify,gap,,,,,
loss,gap,,,,,
shall,function,,,,denylist,
modern,gap,,,,,
pressure,gap,,,,,
bus,literal,🚌,bus,ubuzu,exact,
treatment,gap,,,,,
conference,gap,,,,,
yourself,function,,,,denylist,
supply,gap,,,,,
village,gap,,,,,
worth,gap,,,,,
natural,gap,,,,,
express,gap,,,,,
indicate,gap,,,,,
attend,gap,,,,,
brother,gap,,,,,
investment,gap,,,,,
score,gap,,,,,
organize,gap,,,,,
trip,gap,,,,,
beyond,function,,,,denylist,
sleep,literal,💤,sleep,ezele,exact,
fish,literal,🐟,fish,uvuzuhu,exact,
promise,gap,,,,,
potential,gap,,,,,
energy,gap,,,,,
trouble,gap,,,,,
relation,gap,,,,,
touch,gap,,,,,
file,gap,,,,,
middle,gap,,,,,
bar,gap,,,,,
suffer,gap,,,,,
strategy,gap,,,,,
deep,gap,,,,,
except,function,,,,denylist,
clean,gap,,,,,
tend,gap,,,,,
advance,gap,,,,,
fill,gap,,,,,
star,literal,⭐,star,azada,exact,
network,gap,,,,,
generally,gap,,,,,
operation,gap,,,,,
match,gap,,,,,
avoid,gap,,,,,
seat,literal,💺,seat,ezadeza,exact,
throw,gap,,,,,
task,gap,,,,,
normal,gap,,,,,
goal,literal,🥅,goal,ogalo,exact,
associate,gap,,,,,
blue,literal,🔵,blue,ubelube,exact,
positive,gap,,,,,
option,literal,🔘,option,obudono,exact,
box,gap,,,,,
huge,gap,,,,,
message,gap,,,,,
instance,gap,,,,,
style,gap,,,,,
refer,gap,,,,,
cold,literal,🥶,cold,ogo,exact,
push,gap,,,,,
quarter,gap,,,,,
assume,gap,,,,,
baby,literal,👶,baby,aboba,exact,
successful,gap,,,,,
sing,gap,,,,,
doubt,gap,,,,,
competition,gap,,,,,
theory,gap,,,,,
propose,gap,,,,,
reference,gap,,,,,
argument,gap,,,,,
adult,gap,,,,,
fly,literal,🪰,fly,ovolo,exact,
document,gap,,,,,
pattern,gap,,,,,
application,gap,,,,,
hot,literal,🥵,hot,oho,exact,
obviously,gap,,,,,
unclear,gap,,,,,
bill,gap,,,,,
search,gap,,,,,
separate,gap,,,,,
central,gap,,,,,
career,gap,,,,,
anyway,function,,,,denylist,
speech,literal,💬,speech,ezebege,exact,
dog,literal,🐕,dog,odogodo,exact,
officer,gap,,,,,
throughout,gap,,,,,
oil,gap,,,,,
dress,literal,👗,dress,ederezeze,exact,
profit,gap,,,,,
guess,gap,,,,,
fun,gap,,,,,
protect,gap,,,,,
resource,gap,,,,,
science,gap,,,,,
disease,gap,,,,,
balance,gap,,,,,
damage,gap,,,,,
basis,gap,,,,,
author,gap,,,,,
basic,gap,,,,,
encourage,gap,,,,,
hair,gap,,,,,
male,literal,♂️,male,amela,exact,
operate,gap,,,,,
reflect,gap,,,,,
exercise,gap,,,,,
useful,gap,,,,,
restaurant,gap,,,,,
income,gap,,,,,
property,gap,,,,,
previous,gap,,,,,
dark,gap,,,,,
imagine,gap,,,,,
okay,gap,,,,,
earn,gap,,,,,
daughter,gap,,,,,
post,gap,,,,,
newspaper,literal,📰,newspaper,ena,exact,
define,gap,,,,,
conclusion,gap,,,,,
clock,gap,,,,,
everybody,function,,,,denylist,
weekend,gap,,,,,
perform,gap,,,,,
professional,gap,,,,,
mine,function,,,,denylist,
debate,gap,,,,,
memory,gap,,,,,
green,literal,🟢,green,egerene,exact,
song,gap,,,,,
object,gap,,,,,
maintain,gap,,,,,
credit,gap,,,,,
ring,literal,💍,ring,urunugu,exact,
discover,gap,,,,,
dead,gap,,,,,
afternoon,gap,,,,,
prefer,gap,,,,,
extend,gap,,,,,
possibility,gap,,,,,
direction,gap,,,,,
facility,gap,,,,,
variety,gap,,,,,
daily,gap,,,,,
clothes,gap,,,,,
screen,gap,,,,,
track,gap,,,,,
dance,gap,,,,,
completely,gap,,,,,
female,literal,♀️,female,evame,exact,
responsibility,gap,,,,,
original,gap,,,,,
sister,gap,,,,,
rock,literal,🪨,rock,orogogo,exact,
dream,gap,,,,,
nor,function,,,,denylist,
university,gap,,,,,
easily,gap,,,,,
agency,gap,,,,,
dollar,literal,💵,dollar,odalo,exact,
garden,gap,,,,,
fix,gap,,,,,
ahead,gap,,,,,
cross,literal,❌,cross,ogorozo,exact,
yeah,gap,,,,,
candidate,gap,,,,,
weight,gap,,,,,
legal,gap,,,,,
proposal,gap,,,,,
version,gap,,,,,
conversation,gap,,,,,
somebody,function,,,,denylist,
pound,literal,💷,pound,obunodu,exact,
magazine,gap,,,,,
shape,gap,,,,,
sea,gap,,,,,
immediately,gap,,,,,
welcome,gap,,,,,
smile,literal,😊,smile,uze,exact,
communication,gap,,,,,
agent,gap,,,,,
traditional,gap,,,,,
replace,gap,,,,,
judge,literal,🧑‍⚖️,judge,uje,exact,
herself,function,,,,denylist,
suddenly,gap,,,,,
generation,gap,,,,,
estimate,gap,,,,,
favorite,gap,,,,,
difficulty,gap,,,,,
purchase,gap,,,,,
shoot,gap,,,,,
announce,gap,,,,,
unless,function,,,,denylist,
independent,gap,,,,,
recommend,gap,,,,,
survey,gap,,,,,
majority,gap,,,,,
stick,gap,,,,,
request,gap,,,,,
rich,gap,,,,,
wind,literal,🌬️,wind,uwunudu,exact,
none,gap,,,,,
exchange,gap,,,,,
budget,gap,,,,,
famous,gap,,,,,
blood,gap,,,,,
appropriate,gap,,,,,
block,gap,,,,,
warm,gap,,,,,
count,gap,,,,,
scene,gap,,,,,
writer,gap,,,,,
content,gap,,,,,
prevent,gap,,,,,
safe,gap,,,,,
invite,gap,,,,,
mix,gap,,,,,
element,gap,,,,,
effective,gap,,,,,
correct,literal,⭕,correct,ogero,exact,
medical,literal,⚕️,medical,emuda,exact,
admit,gap,,,,,
beat,gap,,,,,
telephone,gap,,,,,
copy,gap,,,,,
committee,gap,,,,,
aware,gap,,,,,
advice,gap,,,,,
handle,gap,,,,,
glass,gap,,,,,
trial,gap,,,,,
stress,gap,,,,,
radio,literal,📻,radio,arudo,exact,
administration,gap,,,,,
complex,gap,,,,,
text,gap,,,,,
context,gap,,,,,
ride,gap,,,,,
directly,gap,,,,,
heavy,gap,,,,,
remove,gap,,,,,
conduct,gap,,,,,
equipment,gap,,,,,
otherwise,gap,,,,,
title,gap,,,,,
extra,gap,,,,,
executive,gap,,,,,
chair,literal,🪑,chair,aguharu,exact,
expensive,gap,,,,,
sample,gap,,,,,
sex,gap,,,,,
deliver,gap,,,,,
video,gap,,,,,
connection,gap,,,,,
primary,gap,,,,,
weather,gap,,,,,
collect,gap,,,,,
inform,gap,,,,,
principle,gap,,,,,
straight,gap,,,,,
appeal,gap,,,,,
highly,gap,,,,,
trust,gap,,,,,
wonderful,gap,,,,,
flat,gap,,,,,
absolutely,gap,,,,,
flow,gap,,,,,
fair,gap,,,,,
additional,gap,,,,,
responsible,gap,,,,,
farm,gap,,,,,
collection,gap,,,,,
hang,gap,,,,,
negative,gap,,,,,
band,gap,,,,,
relative,gap,,,,,
tour,gap,,,,,
alternative,gap,,,,,
software,gap,,,,,
pair,gap,,,,,
ship,literal,🚢,ship,uzuhubu,exact,
attitude,gap,,,,,
cheap,gap,,,,,
double,gap,,,,,
leg,literal,🦵,leg,ele,exact,
observe,gap,,,,,
sentence,gap,,,,,
print,gap,,,,,
progress,gap,,,,,
truth,gap,,,,,
nobody,function,,,,denylist,
examine,gap,,,,,
lay,gap,,,,,
speed,gap,,,,,
politics,gap,,,,,
reply,gap,,,,,
display,gap,,,,,
transfer,gap,,,,,
perfect,gap,,,,,
slightly,gap,,,,,
overall,gap,,,,,
intend,gap,,,,,
user,gap,,,,,
respond,gap,,,,,
dinner,gap,,,,,
slow,gap,,,,,
regular,gap,,,,,
physical,gap,,,,,
apart,gap,,,,,
suit,gap,,,,,
federal,gap,,,,,
reveal,gap,,,,,
percentage,gap,,,,,
peace,literal,☮️,peace,ebagebe,exact,
status,gap,,,,,
crime,gap,,,,,
decline,gap,,,,,
decade,gap,,,,,
launch,gap,,,,,
warn,gap,,,,,
consumer,gap,,,,,
favor,gap,,,,,
dry,gap,,,,,
partner,gap,,,,,
institution,gap,,,,,
spot,gap,,,,,
horse,literal,🐎,horse,ohero,exact,
eventually,gap,,,,,
heat,gap,,,,,
excite,gap,,,,,
reader,gap,,,,,
importance,gap,,,,,
distance,gap,,,,,
guide,gap,,,,,
grant,gap,,,,,
taxi,literal,🚕,taxi,aduza,exact,
feed,gap,,,,,
pain,gap,,,,,
sector,gap,,,,,
mistake,gap,,,,,
ensure,gap,,,,,
satisfy,gap,,,,,
chief,gap,,,,,
cool,literal,😎,cool,ogolo,exact,
expert,gap,,,,,
wave,literal,👋,wave,awe,exact,
south,gap,,,,,
labor,gap,,,,,
surface,gap,,,,,
library,gap,,,,,
excellent,gap,,,,,
edge,gap,,,,,
camp,gap,,,,,
audience,gap,,,,,
lift,gap,,,,,
procedure,gap,,,,,
email,literal,📧,email,emalu,exact,
global,gap,,,,,
struggle,gap,,,,,
advertise,gap,,,,,
select,gap,,,,,
surround,gap,,,,,
extent,gap,,,,,
river,gap,,,,,
annual,gap,,,,,
fully,gap,,,,,
contrast,gap,,,,,
roll,gap,,,,,
reality,gap,,,,,
photograph,gap,,,,,
artist,literal,🧑‍🎨,artist,aruda,exact,
conflict,gap,,,,,
entire,gap,,,,,
presence,gap,,,,,
crowd,gap,,,,,
corner,gap,,,,,
gas,gap,,,,,
shift,gap,,,,,
net,gap,,,,,
category,gap,,,,,
secretary,gap,,,,,
defense,gap,,,,,
quick,gap,,,,,
cook,literal,🧑‍🍳,cook,ogogogo,exact,
spread,gap,,,,,
nuclear,gap,,,,,
scale,literal,⚖️,scale,azegale,exact,
driver,gap,,,,,
ball,gap,,,,,
cry,literal,😭,cry,ogoro,exact,
introduction,gap,,,,,
requirement,gap,,,,,
north,gap,,,,,
confirm,gap,,,,,
senior,gap,,,,,
photo,gap,,,,,
refuse,gap,,,,,
transport,gap,,,,,
emerge,gap,,,,,
map,gap,,,,,
concept,gap,,,,,
island,literal,🏝️,island,uzalu,exact,
reform,gap,,,,,
neither,function,,,,denylist,
football,literal,🏈,football,ovoda,exact,
survive,gap,,,,,
flight,gap,,,,,
left,literal,⬅️,left,elevede,exact,
solve,gap,,,,,
neighbor,gap,,,,,
background,gap,,,,,
technique,gap,,,,,
traffic,gap,,,,,
improvement,gap,,,,,
tool,gap,,,,,
consequence,gap,,,,,
circumstance,gap,,,,,
smoke,gap,,,,,
reaction,gap,,,,,
rain,literal,🌧️,rain,aruna,exact,
busy,gap,,,,,
lesson,gap,,,,,
brain,literal,🧠,brain,abura,exact,
mass,gap,,,,,
funny,gap,,,,,
contribute,gap,,,,,
failure,gap,,,,,
schedule,gap,,,,,
speaker,gap,,,,,
bottom,gap,,,,,
adopt,gap,,,,,
combine,gap,,,,,
mountain,literal,⛰️,mountain,omunadu,exact,
waste,gap,,,,,
hide,gap,,,,,
marriage,gap,,,,,
ticket,literal,🎫,ticket,udeguge,exact,
meal,gap,,,,,
colleague,gap,,,,,
bag,gap,,,,,
repeat,literal,🔁,repeat,ereba,exact,
equal,gap,,,,,
expression,gap,,,,,
plus,function,,,,denylist,
extremely,gap,,,,,
owner,gap,,,,,
plane,gap,,,,,
commercial,gap,,,,,
lady,gap,,,,,
duty,gap,,,,,
strength,gap,,,,,
connect,gap,,,,,
cultural,gap,,,,,
arrange,gap,,,,,
scheme,gap,,,,,
payment,gap,,,,,
unfortunately,gap,,,,,
brief,gap,,,,,
bird,literal,🐦,bird,uburu,exact,
demonstrate,gap,,,,,
contribution,gap,,,,,
appreciate,gap,,,,,
chapter,gap,,,,,
secret,literal,🤐,secret,eze,exact,
apparently,gap,,,,,
novel,gap,,,,,
union,gap,,,,,
burn,gap,,,,,
trend,gap,,,,,
initial,gap,,,,,
pleasure,gap,,,,,
suggestion,gap,,,,,
critical,gap,,,,,
gather,gap,,,,,
mostly,gap,,,,,
earth,gap,,,,,
pop,gap,,,,,
essential,gap,,,,,
desire,gap,,,,,
promote,gap,,,,,
currently,gap,,,,,
employ,gap,,,,,
path,gap,,,,,
topic,gap,,,,,
beach,literal,🏖️,beach,ebageha,exact,
attract,gap,,,,,
engage,gap,,,,,
powerful,gap,,,,,
flower,literal,💮,flower,ove,exact,
crisis,gap,,,,,
settle,gap,,,,,
boat,literal,🚤,boat,obadoba,exact,
aid,gap,,,,,
fan,gap,,,,,
kitchen,gap,,,,,
twice,function,,,,denylist,
fresh,gap,,,,,
delay,gap,,,,,
safety,gap,,,,,
engineer,gap,,,,,
quiet,gap,,,,,
insurance,gap,,,,,
nurse,gap,,,,,
divide,literal,➗,divide,uduve,exact,
length,gap,,,,,
investigation,gap,,,,,
package,literal,📦,package,abage,exact,
somewhere,gap,,,,,
expand,gap,,,,,
commit,gap,,,,,
obvious,gap,,,,,
jump,gap,,,,,
weapon,gap,,,,,
relatively,gap,,,,,
host,gap,,,,,
winter,gap,,,,,
district,gap,,,,,
broad,gap,,,,,
tire,gap,,,,,
spring,gap,,,,,
spirit,gap,,,,,
lunch,gap,,,,,
actual,gap,,,,,
pool,literal,🎱,pool,obolobo,exact,
battle,gap,,,,,
tradition,gap,,,,,
cash,gap,,,,,
hardly,gap,,,,,
award,gap,,,,,
coach,gap,,,,,
experiment,gap,,,,,
consideration,gap,,,,,
strange,gap,,,,,
code,gap,,,,,
possibly,gap,,,,,
threat,gap,,,,,
accident,gap,,,,,
impossible,gap,,,,,
revenue,gap,,,,,
enable,gap,,,,,
afraid,gap,,,,,
active,gap,,,,,
conclude,gap,,,,,
religious,gap,,,,,
cancer,literal,♋,cancer,agenagera,exact,
convince,gap,,,,,
vary,gap,,,,,
environmental,gap,,,,,
sun,literal,☀️,sun,uzunu,exact,
healthy,gap,,,,,
blow,gap,,,,,
volume,gap,,,,,
location,gap,,,,,
invest,gap,,,,,
proceed,gap,,,,,
wash,gap,,,,,
actor,gap,,,,,
glad,gap,,,,,
tape,gap,,,,,
whereas,function,,,,denylist,
opposite,gap,,,,,
stone,gap,,,,,
sum,gap,,,,,
murder,gap,,,,,
monitor,gap,,,,,
soldier,gap,,,,,
finance,gap,,,,,
hate,gap,,,,,
egg,literal,🥚,egg,egege,exact,
concert,gap,,,,,
shock,gap,,,,,
comfortable,gap,,,,,
usual,gap,,,,,
carefully,gap,,,,,
pack,gap,,,,,
recall,gap,,,,,
wine,literal,🍷,wine,uwenu,exact,
camera,literal,📷,camera,agemara,exact,
swim,gap,,,,,
manufacture,gap,,,,,
theater,literal,🎭,theater,edahe,exact,
cycle,gap,,,,,
coffee,literal,☕,coffee,ogeve,exact,
totally,gap,,,,,
museum,gap,,,,,
visitor,gap,,,,,
freedom,gap,,,,,
construction,literal,🚧,construction,ogunuzodo,exact,
dear,gap,,,,,
objective,gap,,,,,
moreover,function,,,,denylist,
onto,function,,,,denylist,
historical,gap,,,,,
oppose,gap,,,,,
branch,gap,,,,,
vehicle,gap,,,,,
scientist,literal,🧑‍🔬,scientist,uzegu,exact,
route,gap,,,,,
bind,gap,,,,,
belong,gap,,,,,
taste,gap,,,,,
tonight,gap,,,,,
fashion,gap,,,,,
danger,gap,,,,,
bomb,literal,💣,bomb,obomobo,exact,
army,gap,,,,,
dangerous,gap,,,,,
decrease,gap,,,,,
hurt,gap,,,,,
council,gap,,,,,
editor,gap,,,,,
normally,gap,,,,,
sight,gap,,,,,
generate,gap,,,,,
gift,gap,,,,,
delivery,gap,,,,,
deny,gap,,,,,
guest,gap,,,,,
anybody,function,,,,denylist,
bedroom,gap,,,,,
quote,gap,,,,,
climb,gap,,,,,
basically,gap,,,,,
violence,gap,,,,,
minister,gap,,,,,
mainly,gap,,,,,
mouth,literal,👄,mouth,omudo,exact,
noise,gap,,,,,
manner,gap,,,,,
gun,gap,,,,,
square,gap,,,,,
occasion,gap,,,,,
familiar,gap,,,,,
ignore,gap,,,,,
destroy,gap,,,,,
affair,gap,,,,,
civil,gap,,,,,
locate,gap,,,,,
citizen,gap,,,,,
temperature,gap,,,,,
gold,literal,🥇,gold,ogolodo,exact,
domestic,gap,,,,,
load,gap,,,,,
belief,gap,,,,,
troop,gap,,,,,
technical,gap,,,,,
remind,gap,,,,,
arrangement,gap,,,,,
skin,gap,,,,,
prison,gap,,,,,
switch,gap,,,,,
acquire,gap,,,,,
corporate,gap,,,,,
fairly,gap,,,,,
wood,literal,🪵,wood,owodo,exact,
participate,gap,,,,,
tough,gap,,,,,
tear,gap,,,,,
representative,gap,,,,,
capacity,gap,,,,,
border,gap,,,,,
shake,gap,,,,,
assessment,gap,,,,,
shoe,gap,,,,,
ought,function,,,,denylist,
ad,gap,,,,,
fee,gap,,,,,
hall,gap,,,,,
regulation,gap,,,,,
escape,gap,,,,,
studio,gap,,,,,
proper,gap,,,,,
relax,gap,,,,,
tourist,gap,,,,,
component,gap,,,,,
afford,gap,,,,,
lawyer,gap,,,,,
suspect,gap,,,,,
cup,gap,,,,,
description,gap,,,,,
confidence,gap,,,,,
industrial,gap,,,,,
complain,gap,,,,,
perspective,gap,,,,,
error,gap,,,,,
arrest,gap,,,,,
assess,gap,,,,,
register,gap,,,,,
asset,gap,,,,,
signal,literal,📶,signal,uzagu,exact,
finger,gap,,,,,
relevant,gap,,,,,
explore,gap,,,,,
leadership,gap,,,,,
commitment,gap,,,,,
wake,gap,,,,,
necessarily,gap,,,,,
bright,literal,🔆,bright,uburuguhudu,exact,
frame,gap,,,,,
slowly,gap,,,,,
bond,gap,,,,,
hire,gap,,,,,
hole,literal,🕳️,hole,ohe,exact,
tie,gap,,,,,
internal,gap,,,,,
chain,gap,,,,,
literature,gap,,,,,
victim,gap,,,,,
threaten,gap,,,,,
division,gap,,,,,
secure,gap,,,,,
amaze,gap,,,,,
device,gap,,,,,
birth,gap,,,,,
forest,gap,,,,,
label,literal,🏷️,label,aleba,exact,
root,gap,,,,,
factory,literal,🏭,factory,avogo,exact,
expense,gap,,,,,
channel,gap,,,,,
investigate,gap,,,,,
recommendation,gap,,,,,
rank,gap,,,,,
typical,gap,,,,,
west,gap,,,,,
friendly,gap,,,,,
resident,gap,,,,,
provision,gap,,,,,
concentrate,gap,,,,,
plenty,gap,,,,,
export,gap,,,,,
entirely,gap,,,,,
strongly,gap,,,,,
bridge,gap,,,,,
consist,gap,,,,,
graduate,gap,,,,,
brand,gap,,,,,
moral,gap,,,,,
insist,gap,,,,,
combination,gap,,,,,
abuse,gap,,,,,
ice,literal,🧊,ice,ugegu,exact,
principal,gap,,,,,
master,gap,,,,,
definitely,gap,,,,,
session,gap,,,,,
grade,gap,,,,,
nevertheless,function,,,,denylist,
predict,gap,,,,,
previously,gap,,,,,
protection,gap,,,,,
largely,gap,,,,,
wed,gap,,,,,
rent,gap,,,,,
shot,gap,,,,,
appearance,gap,,,,,
reasonable,gap,,,,,
guarantee,gap,,,,,
till,gap,,,,,
theme,gap,,,,,
judgment,gap,,,,,
odd,gap,,,,,
approve,gap,,,,,
loan,gap,,,,,
definition,gap,,,,,
elect,gap,,,,,
atmosphere,gap,,,,,
farmer,literal,🧑‍🌾,farmer,avera,exact,
comparison,gap,,,,,
characteristic,gap,,,,,
license,gap,,,,,
rely,gap,,,,,
narrow,gap,,,,,
succeed,gap,,,,,
identity,gap,,,,,
desk,gap,,,,,
permit,gap,,,,,
seriously,gap,,,,,
wild,gap,,,,,
empty,gap,,,,,
commission,gap,,,,,
unique,gap,,,,,
association,gap,,,,,
instrument,gap,,,,,
investor,gap,,,,,
practical,gap,,,,,
tea,literal,🍵,tea,edadeda,exact,
lovely,gap,,,,,
soft,gap,,,,,
row,gap,,,,,
youth,gap,,,,,
lock,gap,,,,,
fuel,gap,,,,,
expectation,gap,,,,,
employment,gap,,,,,
celebrate,gap,,,,,
sexual,gap,,,,,
shoulder,gap,,,,,
breath,gap,,,,,
increasingly,gap,,,,,
import,gap,,,,,
bottle,gap,,,,,
ourselves,function,,,,denylist,
sheet,gap,,,,,
engine,gap,,,,,
cast,gap,,,,,
notion,gap,,,,,
conservative,gap,,,,,
journey,gap,,,,,
opposition,gap,,,,,
relief,literal,😌,relief,eru,exact,
debt,gap,,,,,
honor,literal,🎖️,honor,ohono,exact,
outcome,gap,,,,,
blame,gap,,,,,
explanation,gap,,,,,
arise,gap,,,,,
musical,gap,,,,,
recover,gap,,,,,
dad,gap,,,,,
stretch,gap,,,,,
declare,gap,,,,,
retire,gap,,,,,
tiny,gap,,,,,
careful,gap,,,,,
suitable,gap,,,,,
native,gap,,,,,
fruit,gap,,,,,
analyze,gap,,,,,
witness,literal,👁️‍🗨️,witness,uwe,exact,
mail,gap,,,,,
terrible,gap,,,,,
researcher,gap,,,,,
ordinary,gap,,,,,
selection,gap,,,,,
anywhere,gap,,,,,
mental,gap,,,,,
participant,gap,,,,,
vision,gap,,,,,
personality,gap,,,,,
specifically,gap,,,,,
fat,gap,,,,,
entry,gap,,,,,
fellow,gap,,,,,
chemical,gap,,,,,
capture,gap,,,,,
tip,gap,,,,,
discount,gap,,,,,
peak,gap,,,,,
chairman,gap,,,,,
proportion,gap,,,,,
ear,literal,👂,ear,era,exact,
disappear,gap,,,,,
shout,gap,,,,,
yard,gap,,,,,
constant,gap,,,,,
significantly,gap,,,,,
hill,gap,,,,,
considerable,gap,,,,,
instruction,gap,,,,,
intelligence,gap,,,,,
ideal,gap,,,,,
folk,gap,,,,,
surely,gap,,,,,
guard,literal,💂,guard,ugaru,exact,
cat,literal,🐈,cat,agada,exact,
somewhat,function,,,,denylist,
kiss,literal,💏,kiss,uguzu,exact,
presentation,gap,,,,,
joint,gap,,,,,
compete,gap,,,,,
poll,gap,,,,,
weak,gap,,,,,
faith,gap,,,,,
reduction,gap,,,,,
reserve,gap,,,,,
complaint,gap,,,,,
bore,gap,,,,,
mission,gap,,,,,
somehow,function,,,,denylist,
tone,gap,,,,,
neighborhood,gap,,,,,
passenger,gap,,,,,
justice,gap,,,,,
phase,gap,,,,,
thin,gap,,,,,
rush,gap,,,,,
formal,gap,,,,,
religion,gap,,,,,
employer,gap,,,,,
reject,gap,,,,,
latter,gap,,,,,
plate,literal,🍽️,plate,abelade,exact,
ban,gap,,,,,
steal,gap,,,,,
protest,gap,,,,,
index,gap,,,,,
sad,gap,,,,,
frequently,gap,,,,,
circle,gap,,,,,
helpful,gap,,,,,
command,gap,,,,,
attractive,gap,,,,,
sick,literal,🤒,sick,uzugugu,exact,
impression,gap,,,,,
unable,gap,,,,,
joke,gap,,,,,
sky,gap,,,,,
column,gap,,,,,
electronic,gap,,,,,
impose,gap,,,,,
criminal,gap,,,,,
besides,function,,,,denylist,
properly,gap,,,,,
ancient,gap,,,,,
coast,gap,,,,,
ill,gap,,,,,
kick,gap,,,,,
closely,gap,,,,,
multiple,gap,,,,,
yield,gap,,,,,
via,function,,,,denylist,
legislation,gap,,,,,
county,gap,,,,,
unlike,gap,,,,,
mobile,gap,,,,,
assistant,gap,,,,,
implement,gap,,,,,
chart,gap,,,,,
attach,gap,,,,,
hell,gap,,,,,
everywhere,gap,,,,,
advise,gap,,,,,
household,gap,,,,,
acknowledge,gap,,,,,
reward,gap,,,,,
east,gap,,,,,
hat,gap,,,,,
academic,gap,,,,,
voter,gap,,,,,
meanwhile,gap,,,,,
furthermore,function,,,,denylist,
accuse,gap,,,,,
scientific,gap,,,,,
wage,gap,,,,,
absence,gap,,,,,
construct,gap,,,,,
remark,gap,,,,,
medicine,gap,,,,,
professor,gap,,,,,
rare,gap,,,,,
intention,gap,,,,,
dozen,gap,,,,,
settlement,gap,,,,,
gap,gap,,,,,
widely,gap,,,,,
minimum,gap,,,,,
northern,gap,,,,,
estate,gap,,,,,
equally,gap,,,,,
expose,gap,,,,,
alive,gap,,,,,
shut,gap,,,,,
victory,literal,✌️,victory,uvo,exact,
resolve,gap,,,,,
critic,gap,,,,,
variable,gap,,,,,
enormous,gap,,,,,
sweet,gap,,,,,
permanent,gap,,,,,
emotion,gap,,,,,
pursue,gap,,,,,
tall,gap,,,,,
urge,gap,,,,,
enemy,gap,,,,,
appoint,gap,,,,,
milk,literal,🥛,milk,umu,exact,
talent,gap,,,,,
smell,gap,,,,,
prior,gap,,,,,
priority,gap,,,,,
online,gap,,,,,
phrase,gap,,,,,
pilot,literal,🧑‍✈️,pilot,ubo,exact,
stable,gap,,,,,
merely,gap,,,,,
resolution,gap,,,,,
communicate,gap,,,,,
injury,gap,,,,,
vast,gap,,,,,
exhibition,gap,,,,,
producer,gap,,,,,
regional,gap,,,,,
immediate,gap,,,,,
incident,gap,,,,,
childhood,gap,,,,,
draft,gap,,,,,
slip,gap,,,,,
accompany,gap,,,,,
politician,gap,,,,,
angry,literal,😠,angry,ano,exact,
knock,gap,,,,,
seed,gap,,,,,
salary,gap,,,,,
illustrate,gap,,,,,
imply,gap,,,,,
breakfast,gap,,,,,
temporary,gap,,,,,
liberal,gap,,,,,
lake,gap,,,,,
qualify,gap,,,,,
competitive,gap,,,,,
truly,gap,,,,,
hi,gap,,,,,
yellow,literal,🟡,yellow,olelo,exact,
habit,gap,,,,,
disk,gap,,,,,
core,gap,,,,,
emotional,gap,,,,,
aircraft,gap,,,,,
self,gap,,,,,
metal,gap,,,,,
existence,gap,,,,,
bone,literal,🦴,bone,obeno,exact,
panel,gap,,,,,
prime,gap,,,,,
appointment,gap,,,,,
emphasize,gap,,,,,
maximum,gap,,,,,
effectively,gap,,,,,
elsewhere,function,,,,denylist,
bother,gap,,,,,
initiative,gap,,,,,
sharp,gap,,,,,
diet,gap,,,,,
motion,gap,,,,,
gray,gap,,,,,
plastic,gap,,,,,
complicate,gap,,,,,
discipline,gap,,,,,
disappoint,gap,,,,,
boss,gap,,,,,
assumption,gap,,,,,
freeze,gap,,,,,
extreme,gap,,,,,
passage,gap,,,,,
reputation,gap,,,,,
forth,gap,,,,,
negotiation,gap,,,,,
mechanism,gap,,,,,
coat,literal,🧥,coat,ogado,exact,
democracy,gap,,,,,
pocket,gap,,,,,
lucky,gap,,,,,
crash,gap,,,,,
observation,gap,,,,,
meat,literal,🍖,meat,emade,exact,
concentration,gap,,,,,
implication,gap,,,,,
deserve,gap,,,,,
unusual,gap,,,,,
defend,gap,,,,,
classic,gap,,,,,
king,gap,,,,,
interaction,gap,,,,,
repair,gap,,,,,
collapse,gap,,,,,
borrow,gap,,,,,
fundamental,gap,,,,,
dish,gap,,,,,
abroad,gap,,,,,
soul,gap,,,,,
capable,gap,,,,,
defeat,gap,,,,,
presidential,gap,,,,,
perfectly,gap,,,,,
enhance,gap,,,,,
proud,gap,,,,,
emergency,gap,,,,,
educational,gap,,,,,
distinguish,gap,,,,,
substantial,gap,,,,,
nearby,gap,,,,,
manufacturer,gap,,,,,
slide,gap,,,,,
valuable,gap,,,,,
personally,gap,,,,,
breast,gap,,,,,
cope,gap,,,,,
approximately,gap,,,,,
accommodation,gap,,,,,
highlight,gap,,,,,
reporter,gap,,,,,
climate,gap,,,,,
shirt,gap,,,,,
exception,gap,,,,,
corporation,gap,,,,,
chip,gap,,,,,
winner,gap,,,,,
encounter,gap,,,,,
brown,literal,🟤,brown,oborowo,exact,
breathe,gap,,,,,
excuse,gap,,,,,
partly,gap,,,,,
tennis,literal,🎾,tennis,edune,exact,
urban,gap,,,,,
confuse,gap,,,,,
southern,gap,,,,,
output,gap,,,,,
beauty,gap,,,,,
massive,gap,,,,,
install,gap,,,,,
calculate,gap,,,,,
mouse,literal,🐁,mouse,omuze,exact,
mathematics,gap,,,,,
upper,gap,,,,,
creation,gap,,,,,
occupy,gap,,,,,
outline,gap,,,,,
sufficient,gap,,,,,
update,gap,,,,,
luck,gap,,,,,
preserve,gap,,,,,
split,gap,,,,,
swing,gap,,,,,
illness,gap,,,,,
journalist,gap,,,,,
sudden,gap,,,,,
advertisement,gap,,,,,
consistent,gap,,,,,
originally,gap,,,,,
aside,gap,,,,,
comfort,gap,,,,,
secondly,gap,,,,,
severe,gap,,,,,
gene,gap,,,,,
prospect,gap,,,,,
snow,literal,🌨️,snow,ozono,exact,
plot,gap,,,,,
neck,gap,,,,,
criteria,gap,,,,,
primarily,gap,,,,,
integrate,gap,,,,,
criticism,gap,,,,,
convention,gap,,,,,
bet,gap,,,,,
retain,gap,,,,,
sequence,gap,,,,,
plain,gap,,,,,
volunteer,gap,,,,,
rural,gap,,,,,
calm,gap,,,,,
abandon,gap,,,,,
examination,gap,,,,,
silence,gap,,,,,
rapidly,gap,,,,,
efficient,gap,,,,,
revolution,gap,,,,,
delight,gap,,,,,
spell,gap,,,,,
premise,gap,,,,,
lean,gap,,,,,
dramatic,gap,,,,,
differ,gap,,,,,
grateful,gap,,,,,
protein,gap,,,,,
bike,gap,,,,,
distribute,gap,,,,,
intellectual,gap,,,,,
derive,gap,,,,,
crucial,gap,,,,,
unemployment,gap,,,,,
wheel,literal,🛞,wheel,ewehe,exact,
crop,gap,,,,,
minority,gap,,,,,
origin,gap,,,,,
interpretation,gap,,,,,
gentleman,gap,,,,,
drama,gap,,,,,
landscape,gap,,,,,
educate,gap,,,,,
toy,gap,,,,,
fault,gap,,,,,
exhibit,gap,,,,,
minor,gap,,,,,
hunt,gap,,,,,
storm,gap,,,,,
thick,gap,,,,,
achievement,gap,,,,,
negotiate,gap,,,,,
dominate,gap,,,,,
supplier,gap,,,,,
prize,gap,,,,,
typically,gap,,,,,
peer,gap,,,,,
pension,gap,,,,,
wing,literal,🪽,wing,uwunu,exact,
acquisition,gap,,,,,
laughter,gap,,,,,
deeply,gap,,,,,
recognition,gap,,,,,
electricity,gap,,,,,
assistance,gap,,,,,
roof,gap,,,,,
retirement,gap,,,,,
respectively,gap,,,,,
variation,gap,,,,,
ultimately,gap,,,,,
proof,gap,,,,,
soil,gap,,,,,
smart,gap,,,,,
layer,gap,,,,,
upset,gap,,,,,
tooth,literal,🦷,tooth,ododo,exact,
representation,gap,,,,,
preparation,gap,,,,,
dispute,gap,,,,,
agenda,gap,,,,,
emphasis,gap,,,,,
edition,gap,,,,,
silver,literal,🥈,silver,uzelu,exact,
entertainment,gap,,,,,
honest,gap,,,,,
undertake,gap,,,,,
retail,gap,,,,,
wire,gap,,,,,
unlikely,gap,,,,,
gay,gap,,,,,
publication,gap,,,,,
slight,gap,,,,,
unknown,gap,,,,,
framework,gap,,,,,
zone,gap,,,,,
restrict,gap,,,,,
trace,gap,,,,,
inch,gap,,,,,
equivalent,gap,,,,,
solid,gap,,,,,
enterprise,gap,,,,,
elderly,gap,,,,,
owe,gap,,,,,
governor,gap,,,,,
uniform,gap,,,,,
port,gap,,,,,
pitch,gap,,,,,
arrival,literal,🛬,arrival,arura,exact,
contemporary,gap,,,,,
gate,gap,,,,,
ease,gap,,,,,
beer,literal,🍺,beer,eberebe,exact,
specialist,gap,,,,,
assure,gap,,,,,
profile,gap,,,,,
mood,gap,,,,,
episode,gap,,,,,
crack,gap,,,,,
numerous,gap,,,,,
submit,gap,,,,,
symptom,gap,,,,,
virtually,gap,,,,,
era,gap,,,,,
coverage,gap,,,,,
tension,gap,,,,,
cable,gap,,,,,
sensitive,gap,,,,,
nervous,gap,,,,,
input,gap,,,,,
isolate,gap,,,,,
prisoner,gap,,,,,
eliminate,gap,,,,,
tight,gap,,,,,
wet,gap,,,,,
secondary,gap,,,,,
welfare,gap,,,,,
recruit,gap,,,,,
exclude,gap,,,,,
string,gap,,,,,
cloud,literal,☁️,cloud,ogulo,exact,
persuade,gap,,,,,
inspire,gap,,,,,
grand,gap,,,,,
hence,gap,,,,,
crew,gap,,,,,
phenomenon,gap,,,,,
pupil,gap,,,,,
false,gap,,,,,
assist,gap,,,,,
restore,gap,,,,,
formula,gap,,,,,
alter,gap,,,,,
perceive,gap,,,,,
routine,gap,,,,,
sink,gap,,,,,
stare,gap,,,,,
anymore,gap,,,,,
hero,gap,,,,,
supporter,gap,,,,,
convert,gap,,,,,
steady,gap,,,,,
meter,gap,,,,,
truck,literal,🚚,truck,uduru,exact,
nose,literal,👃,nose,one,exact,
beside,function,,,,denylist,
sail,gap,,,,,
disaster,gap,,,,,
pace,gap,,,,,
heavily,gap,,,,,
devote,gap,,,,,
terrorist,gap,,,,,
justify,gap,,,,,
vital,gap,,,,,
fascinate,gap,,,,,
external,gap,,,,,
spare,gap,,,,,
whenever,gap,,,,,
depression,gap,,,,,
guilty,gap,,,,,
underlie,gap,,,,,
mom,gap,,,,,
distinction,gap,,,,,
satisfaction,gap,,,,,
incorporate,gap,,,,,
pour,literal,🫗,pour,oburo,exact,
sweep,gap,,,,,
obligation,gap,,,,,
sir,gap,,,,,
evaluate,gap,,,,,
anger,literal,💢,anger,ane,exact,
pub,gap,,,,,
perception,gap,,,,,
naturally,gap,,,,,
currency,gap,,,,,
database,gap,,,,,
initially,gap,,,,,
territory,gap,,,,,
stream,gap,,,,,
rarely,gap,,,,,
height,gap,,,,,
apparent,gap,,,,,
western,gap,,,,,
expansion,gap,,,,,
constantly,gap,,,,,
muscle,gap,,,,,
scare,gap,,,,,
badly,gap,,,,,
everyday,gap,,,,,
boundary,gap,,,,,
ratio,gap,,,,,
essay,gap,,,,,
scream,literal,😱,scream,eza,exact,
withdraw,gap,,,,,
pollution,gap,,,,,
disorder,gap,,,,,
furniture,gap,,,,,
symbol,gap,,,,,
apartment,gap,,,,,
demonstration,gap,,,,,
analyst,gap,,,,,
platform,gap,,,,,
steel,gap,,,,,
cake,gap,,,,,
transform,gap,,,,,
wound,gap,,,,,
restriction,gap,,,,,
foundation,gap,,,,,
designer,gap,,,,,
strain,gap,,,,,
innovation,gap,,,,,
album,gap,,,,,
singer,literal,🧑‍🎤,singer,uzenu,exact,
trail,gap,,,,,
trap,gap,,,,,
loose,gap,,,,,
extension,gap,,,,,
wealth,gap,,,,,
gradually,gap,,,,,
tank,gap,,,,,
evil,gap,,,,,
remarkable,gap,,,,,
tune,gap,,,,,
grass,gap,,,,,
invitation,gap,,,,,
transition,gap,,,,,
frighten,gap,,,,,
bid,gap,,,,,
breed,gap,,,,,
extraordinary,gap,,,,,
brilliant,gap,,,,,
adviser,gap,,,,,
stem,gap,,,,,
reverse,gap,,,,,
mode,gap,,,,,
mirror,literal,🪞,mirror,umoru,exact,
awful,gap,,,,,
pose,gap,,,,,
adjust,gap,,,,,
creative,gap,,,,,
nowadays,gap,,,,,
poem,gap,,,,,
agricultural,gap,,,,,
competitor,gap,,,,,
alcohol,gap,,,,,
festival,gap,,,,,
vegetable,gap,,,,,
van,gap,,,,,
confident,gap,,,,,
planet,gap,,,,,
curve,gap,,,,,
knee,gap,,,,,
overcome,gap,,,,,
web,gap,,,,,
depth,gap,,,,,
entrance,gap,,,,,
log,gap,,,,,
giant,gap,,,,,
god,gap,,,,,
portion,gap,,,,,
substance,gap,,,,,
extensive,gap,,,,,
interpret,gap,,,,,
independence,gap,,,,,
sugar,gap,,,,,
inner,gap,,,,,
harm,gap,,,,,
consult,gap,,,,,
pink,gap,,,,,
shadow,gap,,,,,
strip,gap,,,,,
smooth,gap,,,,,
intervention,gap,,,,,
impress,gap,,,,,
exam,gap,,,,,
vice,gap,,,,,
radical,gap,,,,,
similarly,gap,,,,,
behave,gap,,,,,
loud,gap,,,,,
dimension,gap,,,,,
subsequent,gap,,,,,
infection,gap,,,,,
jacket,gap,,,,,
efficiency,gap,,,,,
dirty,gap,,,,,
statistic,gap,,,,,
regularly,gap,,,,,
resort,gap,,,,,
iron,gap,,,,,
broadcast,gap,,,,,
membership,gap,,,,,
bread,literal,🍞,bread,ebareda,exact,
blind,gap,,,,,
pure,gap,,,,,
bloody,gap,,,,,
ally,gap,,,,,
quantity,gap,,,,,
bend,gap,,,,,
mature,gap,,,,,
briefly,gap,,,,,
alarm,gap,,,,,
disturb,gap,,,,,
sustain,gap,,,,,
flood,gap,,,,,
poverty,gap,,,,,
crazy,gap,,,,,
cite,gap,,,,,
newly,gap,,,,,
parallel,gap,,,,,
gender,gap,,,,,
sponsor,gap,,,,,
boot,literal,🥾,boot,obodo,exact,
accurate,gap,,,,,
dealer,gap,,,,,
button,gap,,,,,
burden,gap,,,,,
desert,literal,🏜️,desert,edeze,exact,
mate,literal,🧉,mate,ameda,exact,
occasionally,gap,,,,,
shareholder,gap,,,,,
bowl,gap,,,,,
discovery,gap,,,,,
resistance,gap,,,,,
bath,literal,🛀,bath,abada,exact,
frequency,gap,,,,,
criticize,gap,,,,,
tap,gap,,,,,
philosophy,gap,,,,,
lip,gap,,,,,
attribute,gap,,,,,
apologize,gap,,,,,
approval,gap,,,,,
grab,gap,,,,,
entitle,gap,,,,,
lend,gap,,,,,
involvement,gap,,,,,
exposure,gap,,,,,
conventional,gap,,,,,
digital,gap,,,,,
translate,gap,,,,,
edit,gap,,,,,
formation,gap,,,,,
deposit,gap,,,,,
pleasant,gap,,,,,
overseas,gap,,,,,
advocate,gap,,,,,
establishment,gap,,,,,
summary,gap,,,,,
rough,gap,,,,,
pen,literal,🖊️,pen,ebene,exact,
recovery,gap,,,,,
seal,literal,🦭,seal,ezale,exact,
tube,gap,,,,,
tower,gap,,,,,
characterize,gap,,,,,
specify,gap,,,,,
exact,gap,,,,,
spin,gap,,,,,
operator,gap,,,,,
infant,gap,,,,,
dig,gap,,,,,
drag,gap,,,,,
mount,gap,,,,,
wrap,gap,,,,,
anticipate,gap,,,,,
dependent,gap,,,,,
specialize,gap,,,,,
angle,gap,,,,,
chicken,literal,🐔,chicken,uge,exact,
anxiety,gap,,,,,
virus,gap,,,,,
precisely,gap,,,,,
rival,gap,,,,,
offense,gap,,,,,
detect,gap,,,,,
teenager,gap,,,,,
admire,gap,,,,,
moderate,gap,,,,,
surgery,gap,,,,,
musician,gap,,,,,
significance,gap,,,,,
shower,literal,🚿,shower,ozehowe,exact,
illegal,gap,,,,,
charity,gap,,,,,
universal,gap,,,,,
cigarette,literal,🚬,cigarette,ugage,exact,
constitute,gap,,,,,
adequate,gap,,,,,
consultant,gap,,,,,
historian,gap,,,,,
cousin,gap,,,,,
visual,gap,,,,,
stupid,gap,,,,,
keen,gap,,,,,
ethnic,gap,,,,,
twin,gap,,,,,
clinical,gap,,,,,
eastern,gap,,,,,
forecast,gap,,,,,
segment,gap,,,,,
custom,gap,,,,,
adapt,gap,,,,,
sand,gap,,,,,
cap,gap,,,,,
prompt,gap,,,,,
charm,gap,,,,,
react,gap,,,,,
lecture,gap,,,,,
venture,gap,,,,,
compound,gap,,,,,
rescue,gap,,,,,
mess,gap,,,,,
preference,gap,,,,,
comprehensive,gap,,,,,
incentive,gap,,,,,
league,gap,,,,,
dialog,gap,,,,,
cream,gap,,,,,
rapid,gap,,,,,
cancel,gap,,,,,
regret,gap,,,,,
dismiss,gap,,,,,
margin,gap,,,,,
beneath,gap,,,,,
opponent,gap,,,,,
resist,gap,,,,,
capability,gap,,,,,
absolute,gap,,,,,
correspond,gap,,,,,
stroke,gap,,,,,
dare,gap,,,,,
barrier,gap,,,,,
rid,gap,,,,,
divorce,gap,,,,,
ruin,gap,,,,,
bury,gap,,,,,
counsel,gap,,,,,
tendency,gap,,,,,
frequent,gap,,,,,
motor,gap,,,,,
survival,gap,,,,,
counter,gap,,,,,
possess,gap,,,,,
permission,gap,,,,,
valley,gap,,,,,
float,gap,,,,,
mad,gap,,,,,
greatly,gap,,,,,
visible,gap,,,,,
electric,gap,,,,,
impressive,gap,,,,,
evolution,gap,,,,,
awareness,literal,🎗️,awareness,aware,exact,
violent,gap,,,,,
slave,gap,,,,,
wealthy,gap,,,,,
architecture,gap,,,,,
acceptable,gap,,,,,
journal,gap,,,,,
coal,gap,,,,,
measurement,gap,,,,,
random,gap,,,,,
successfully,gap,,,,,
depress,gap,,,,,
illustration,gap,,,,,
burst,gap,,,,,
privilege,gap,,,,,
buyer,gap,,,,,
mutual,gap,,,,,
rail,gap,,,,,
motivate,gap,,,,,
laboratory,gap,,,,,
mortgage,gap,,,,,
promotion,gap,,,,,
passion,literal,❤️‍🔥,passion,abu,exact,
champion,gap,,,,,
fulfill,gap,,,,,
dust,gap,,,,,
dedicate,gap,,,,,
roughly,gap,,,,,
skirt,gap,,,,,
province,gap,,,,,
march,gap,,,,,
evaluation,gap,,,,,
compromise,gap,,,,,
accomplish,gap,,,,,
weakness,gap,,,,,
announcement,gap,,,,,
salt,literal,🧂,salt,azalada,exact,
glance,gap,,,,,
opera,gap,,,,,
contest,gap,,,,,
brush,gap,,,,,
embarrass,gap,,,,,
gallery,gap,,,,,
genetic,gap,,,,,
aggressive,gap,,,,,
chest,gap,,,,,
format,gap,,,,,
literary,gap,,,,,
govern,gap,,,,,
embrace,gap,,,,,
praise,gap,,,,,
silent,gap,,,,,
pump,gap,,,,,
publisher,gap,,,,,
celebration,gap,,,,,
golf,literal,⛳,golf,ogolovo,exact,
compensation,gap,,,,,
classical,gap,,,,,
weigh,gap,,,,,
versus,function,,,,denylist,
deficit,gap,,,,,
modify,gap,,,,,
flash,gap,,,,,
friendship,gap,,,,,
profession,gap,,,,,
literally,gap,,,,,
equation,gap,,,,,
gesture,gap,,,,,
entertain,gap,,,,,
fantastic,gap,,,,,
assign,gap,,,,,
inflation,gap,,,,,
historic,gap,,,,,
injure,gap,,,,,
remote,gap,,,,,
therapy,gap,,,,,
orange,literal,🟠,orange,orane,exact,
twist,gap,,,,,
personnel,gap,,,,,
imagination,gap,,,,,
disagree,gap,,,,,
throat,gap,,,,,
insight,gap,,,,,
tackle,gap,,,,,
forever,gap,,,,,
exceed,gap,,,,,
expenditure,gap,,,,,
joy,gap,,,,,
pregnant,literal,🫄,pregnant,ebare,exact,
reliable,gap,,,,,
gear,literal,⚙️,gear,egare,exact,
click,gap,,,,,
poet,gap,,,,,
fortune,gap,,,,,
ceremony,gap,,,,,
pile,gap,,,,,
pig,literal,🐖,pig,ubugubu,exact,
mixture,gap,,,,,
automatically,gap,,,,,
scholar,gap,,,,,
psychological,gap,,,,,
dramatically,gap,,,,,
stake,gap,,,,,
creature,gap,,,,,
partnership,gap,,,,,
participation,gap,,,,,
clause,gap,,,,,
penalty,gap,,,,,
chamber,gap,,,,,
fancy,gap,,,,,
poetry,gap,,,,,
chat,gap,,,,,
clothing,gap,,,,,
evolve,gap,,,,,
sake,literal,🍶,sake,azega,exact,
shelf,gap,,,,,
boost,gap,,,,,
tail,gap,,,,,
possession,gap,,,,,
abortion,gap,,,,,
curious,gap,,,,,
wooden,gap,,,,,
boom,literal,💥,boom,obomo,exact,
tale,gap,,,,,
democratic,gap,,,,,
maintenance,gap,,,,,
consequently,gap,,,,,
pot,gap,,,,,
cow,literal,🐄,cow,ogowogo,exact,
strengthen,gap,,,,,
whilst,gap,,,,,
constraint,gap,,,,,
fold,gap,,,,,
bin,gap,,,,,
undergo,gap,,,,,
potentially,gap,,,,,
scope,gap,,,,,
pretend,gap,,,,,
diversity,gap,,,,,
allege,gap,,,,,
pride,gap,,,,,
intense,gap,,,,,
inquiry,gap,,,,,
resign,gap,,,,,
craft,gap,,,,,
strict,gap,,,,,
concrete,gap,,,,,
shell,literal,🐚,shell,ezehe,exact,
damn,gap,,,,,
distinct,gap,,,,,
humor,gap,,,,,
limitation,gap,,,,,
indication,gap,,,,,
stability,gap,,,,,
wise,gap,,,,,
neglect,gap,,,,,
compose,gap,,,,,
jail,gap,,,,,
shelter,gap,,,,,
mere,gap,,,,,
carbon,gap,,,,,
regulate,gap,,,,,
cheese,literal,🧀,cheese,egehe,exact,
trigger,gap,,,,,
pipe,gap,,,,,
destruction,gap,,,,,
guitar,literal,🎸,guitar,uguda,exact,
flag,gap,,,,,
piano,gap,,,,,
magic,gap,,,,,
mystery,gap,,,,,
ski,gap,,,,,
whisper,gap,,,,,
rear,gap,,,,,
menu,gap,,,,,
species,gap,,,,,
moon,gap,,,,,
presumably,gap,,,,,
bless,gap,,,,,
airline,gap,,,,,
amendment,gap,,,,,
grandmother,gap,,,,,
jury,gap,,,,,
cooperation,gap,,,,,
civilian,gap,,,,,
composition,gap,,,,,
coin,literal,🪙,coin,oguno,exact,
regardless,gap,,,,,
scan,gap,,,,,
bunch,gap,,,,,
racial,gap,,,,,
greet,gap,,,,,
hopefully,gap,,,,,
sanction,gap,,,,,
trick,gap,,,,,
paragraph,gap,,,,,
maker,gap,,,,,
chocolate,literal,🍫,chocolate,ogoha,exact,
stimulate,gap,,,,,
belt,gap,,,,,
potato,literal,🥔,potato,obado,exact,
narrative,gap,,,,,
tissue,gap,,,,,
barely,gap,,,,,
invent,gap,,,,,
tourism,gap,,,,,
pro,gap,,,,,
stair,gap,,,,,
hesitate,gap,,,,,
shine,gap,,,,,
motivation,gap,,,,,
romantic,gap,,,,,
firmly,gap,,,,,
interior,gap,,,,,
stomach,gap,,,,,
nowhere,gap,,,,,
pray,literal,🙏,pray,abora,exact,
championship,gap,,,,,
servant,gap,,,,,
immigrant,gap,,,,,
excess,gap,,,,,
complexity,gap,,,,,
liability,gap,,,,,
surprisingly,gap,,,,,
extract,gap,,,,,
implementation,gap,,,,,
bias,gap,,,,,
differently,gap,,,,,
catalog,gap,,,,,
continuous,gap,,,,,
golden,gap,,,,,
stamp,gap,,,,,
guideline,gap,,,,,
envelope,literal,✉️,envelope,enevo,exact,
knife,literal,🔪,knife,ugenuve,exact,
biological,gap,,,,,
consume,gap,,,,,
luxury,gap,,,,,
weekly,gap,,,,,
wherever,gap,,,,,
bite,gap,,,,,
printer,literal,🖨️,printer,uberunedu,exact,
firstly,gap,,,,,
anxious,literal,😰,anxious,anuzo,exact,
adventure,gap,,,,,
fence,gap,,,,,
exhaust,gap,,,,,
attraction,gap,,,,,
ocean,gap,,,,,
quietly,gap,,,,,
castle,literal,🏰,castle,ageza,exact,
veteran,gap,,,,,
reflection,gap,,,,,
nerve,gap,,,,,
determination,gap,,,,,
altogether,gap,,,,,
fiction,gap,,,,,
carpet,gap,,,,,
cluster,gap,,,,,
confusion,gap,,,,,
hurry,gap,,,,,
logic,gap,,,,,
controversial,gap,,,,,
raw,gap,,,,,
grammar,gap,,,,,
revise,gap,,,,,
hint,gap,,,,,
hook,literal,🪝,hook,ohogo,exact,
bell,literal,🔔,bell,ebelele,exact,
liquid,gap,,,,,
panic,gap,,,,,
uncle,gap,,,,,
rice,literal,🍚,rice,uregu,exact,
slope,gap,,,,,
happiness,gap,,,,,
genuine,gap,,,,,
vessel,gap,,,,,
verb,gap,,,,,
reckon,gap,,,,,
silly,gap,,,,,
transportation,gap,,,,,
harbor,gap,,,,,
comedy,gap,,,,,
chase,gap,,,,,
storage,gap,,,,,
universe,gap,,,,,
horrible,gap,,,,,
sheep,gap,,,,,
lover,gap,,,,,
rat,literal,🐀,rat,arada,exact,
portrait,gap,,,,,
innocent,gap,,,,,
substitute,gap,,,,,
supplement,gap,,,,,
adjustment,gap,,,,,
reasonably,gap,,,,,
filter,gap,,,,,
flexible,gap,,,,,
abstract,gap,,,,,
tent,literal,⛺,tent,edene,exact,
precise,gap,,,,,
distant,gap,,,,,
stranger,gap,,,,,
shade,gap,,,,,
grain,gap,,,,,
situate,gap,,,,,
summarize,gap,,,,,
leap,gap,,,,,
snap,gap,,,,,
probability,gap,,,,,
leather,gap,,,,,
uncertainty,gap,,,,,
swear,gap,,,,,
refugee,gap,,,,,
shore,gap,,,,,
monthly,gap,,,,,
comprise,gap,,,,,
stir,gap,,,,,
excitement,gap,,,,,
sigh,literal,😮‍💨,sigh,uzugu,exact,
pregnancy,gap,,,,,
experimental,gap,,,,,
institutional,gap,,,,,
slice,gap,,,,,
wander,gap,,,,,
empire,gap,,,,,
subsequently,gap,,,,,
gentle,gap,,,,,
attendance,gap,,,,,
ownership,gap,,,,,
qualification,gap,,,,,
suspend,gap,,,,,
functional,gap,,,,,
voluntary,gap,,,,,
pale,gap,,,,,
stain,gap,,,,,
athlete,gap,,,,,
organic,gap,,,,,
tongue,literal,👅,tongue,odune,exact,
server,gap,,,,,
structural,gap,,,,,
website,gap,,,,,
fool,gap,,,,,
alongside,gap,,,,,
unite,gap,,,,,
gently,gap,,,,,
compute,gap,,,,,
wipe,gap,,,,,
weird,gap,,,,,
gaze,gap,,,,,
fade,gap,,,,,
cough,gap,,,,,
hypothesis,gap,,,,,
royal,gap,,,,,
theoretical,gap,,,,,
curtain,gap,,,,,
mayor,gap,,,,,
darkness,gap,,,,,
aunt,gap,,,,,
tournament,gap,,,,,
registration,gap,,,,,
fragment,gap,,,,,
listener,gap,,,,,
immigration,gap,,,,,
tender,gap,,,,,
density,gap,,,,,
ugly,gap,,,,,
module,gap,,,,,
faithfully,gap,,,,,
autumn,gap,,,,,
cheek,gap,,,,,
attachment,gap,,,,,
holder,gap,,,,,
solar,gap,,,,,
grin,literal,😀,grin,ugu,exact,
rose,literal,🌹,rose,orezo,exact,
noun,gap,,,,,
fortunate,gap,,,,,
alright,gap,,,,,
lazy,gap,,,,,
hello,gap,,,,,
hunger,gap,,,,,
insure,gap,,,,,
ashamed,gap,,,,,
found,gap,,,,,
blog,gap,,,,,
thirst,gap,,,,,
